heatmap_type,summarization_method,aggregation_type,simulation_name,failures,detected,undetected,undetectable,ttm,accuracy,fpr,precision,recall,f1,f3
smoothgrad,avg,mean,mutants/udacity_add_weights_regularisation_mutated0_MP_l1_3_1,5,0,5,0,1,0,0,0,0,0,0
smoothgrad,avg,mean,mutants/udacity_add_weights_regularisation_mutated0_MP_l1_3_1,5,1,4,0,2,89,4,33,20,25,21
smoothgrad,avg,mean,mutants/udacity_add_weights_regularisation_mutated0_MP_l1_3_1,4,4,0,1,3,96,4,67,100,80,95
smoothgrad,avg,mean,mutants/udacity_add_weights_regularisation_mutated0_MP_l1_l2_3_2,19,9,10,3,1,83,4,82,47,60,49
smoothgrad,avg,mean,mutants/udacity_add_weights_regularisation_mutated0_MP_l1_l2_3_2,19,13,6,3,2,89,4,87,68,76,70
smoothgrad,avg,mean,mutants/udacity_add_weights_regularisation_mutated0_MP_l1_l2_3_2,19,8,11,3,3,82,4,80,42,55,44
smoothgrad,avg,mean,mutants/udacity_add_weights_regularisation_mutated0_MP_l2_3_0,16,12,4,3,1,91,4,86,75,80,76
smoothgrad,avg,mean,mutants/udacity_add_weights_regularisation_mutated0_MP_l2_3_0,16,6,10,3,2,82,4,75,38,50,39
smoothgrad,avg,mean,mutants/udacity_add_weights_regularisation_mutated0_MP_l2_3_0,16,5,11,3,3,81,4,71,31,43,33
smoothgrad,avg,mean,mutants/udacity_change_activation_function_mutated0_MP_exponential_4_0,12,12,0,3,1,97,4,86,100,92,98
smoothgrad,avg,mean,mutants/udacity_change_activation_function_mutated0_MP_exponential_4_0,12,11,1,3,2,95,4,85,92,88,91
smoothgrad,avg,mean,mutants/udacity_change_activation_function_mutated0_MP_exponential_4_0,12,10,2,3,3,94,4,83,83,83,83
smoothgrad,avg,mean,mutants/udacity_change_activation_function_mutated0_MP_hard_sigmoid_4_0,7,1,6,1,1,86,4,33,14,20,15
smoothgrad,avg,mean,mutants/udacity_change_activation_function_mutated0_MP_hard_sigmoid_4_0,7,1,6,1,2,86,4,33,14,20,15
smoothgrad,avg,mean,mutants/udacity_change_activation_function_mutated0_MP_hard_sigmoid_4_0,7,2,5,1,3,88,4,50,29,36,30
smoothgrad,avg,mean,mutants/udacity_change_activation_function_mutated0_MP_relu_4_2,16,10,6,2,1,88,4,83,62,71,64
smoothgrad,avg,mean,mutants/udacity_change_activation_function_mutated0_MP_relu_4_2,16,9,7,2,2,87,4,82,56,67,58
smoothgrad,avg,mean,mutants/udacity_change_activation_function_mutated0_MP_relu_4_2,14,7,7,4,3,86,4,78,50,61,52
smoothgrad,avg,mean,mutants/udacity_change_activation_function_mutated0_MP_selu_4_0,7,4,3,0,1,92,4,67,57,62,58
smoothgrad,avg,mean,mutants/udacity_change_activation_function_mutated0_MP_selu_4_0,7,0,7,0,2,0,0,0,0,0,0
smoothgrad,avg,mean,mutants/udacity_change_activation_function_mutated0_MP_selu_4_0,7,4,3,0,3,92,4,67,57,62,58
smoothgrad,avg,mean,mutants/udacity_change_activation_function_mutated0_MP_sigmoid_4_3,12,12,0,3,1,97,4,86,100,92,98
smoothgrad,avg,mean,mutants/udacity_change_activation_function_mutated0_MP_sigmoid_4_3,12,7,5,3,2,89,4,78,58,67,60
smoothgrad,avg,mean,mutants/udacity_change_activation_function_mutated0_MP_sigmoid_4_3,11,6,5,4,3,89,4,75,55,63,56
smoothgrad,avg,mean,mutants/udacity_change_activation_function_mutated0_MP_softmax_4_4,12,3,9,2,1,83,4,60,25,35,27
smoothgrad,avg,mean,mutants/udacity_change_activation_function_mutated0_MP_softmax_4_4,12,6,6,2,2,88,4,75,50,60,52
smoothgrad,avg,mean,mutants/udacity_change_activation_function_mutated0_MP_softmax_4_4,12,7,5,2,3,89,4,78,58,67,60
smoothgrad,avg,mean,mutants/udacity_change_activation_function_mutated0_MP_softsign_4_5,12,12,0,9,1,97,4,86,100,92,98
smoothgrad,avg,mean,mutants/udacity_change_activation_function_mutated0_MP_softsign_4_5,12,11,1,9,2,95,4,85,92,88,91
smoothgrad,avg,mean,mutants/udacity_change_activation_function_mutated0_MP_softsign_4_5,10,8,2,11,3,94,4,80,80,80,80
smoothgrad,avg,mean,mutants/udacity_change_activation_function_mutated0_MP_tanh_4_2,10,1,9,4,1,82,4,33,10,15,11
smoothgrad,avg,mean,mutants/udacity_change_activation_function_mutated0_MP_tanh_4_2,10,3,7,4,2,85,4,60,30,40,32
smoothgrad,avg,mean,mutants/udacity_change_activation_function_mutated0_MP_tanh_4_2,10,1,9,4,3,82,4,33,10,15,11
smoothgrad,avg,mean,mutants/udacity_change_dropout_rate_mutated0_MP_0.25_0.25_6_7,10,3,7,4,1,85,4,60,30,40,32
smoothgrad,avg,mean,mutants/udacity_change_dropout_rate_mutated0_MP_0.25_0.25_6_7,10,4,6,4,2,87,4,67,40,50,42
smoothgrad,avg,mean,mutants/udacity_change_dropout_rate_mutated0_MP_0.25_0.25_6_7,10,1,9,4,3,82,4,33,10,15,11
smoothgrad,avg,mean,mutants/udacity_change_dropout_rate_mutated0_MP_0.75_0.75_6_0,9,7,2,0,1,93,4,78,78,78,78
smoothgrad,avg,mean,mutants/udacity_change_dropout_rate_mutated0_MP_0.75_0.75_6_0,9,6,3,0,2,92,4,75,67,71,67
smoothgrad,avg,mean,mutants/udacity_change_dropout_rate_mutated0_MP_0.75_0.75_6_0,9,6,3,0,3,92,4,75,67,71,67
smoothgrad,avg,mean,mutants/udacity_change_dropout_rate_mutated0_MP_0.125_0.125_6_2,13,12,1,3,1,95,4,86,92,89,92
smoothgrad,avg,mean,mutants/udacity_change_dropout_rate_mutated0_MP_0.125_0.125_6_2,13,3,10,3,2,82,4,60,23,33,25
smoothgrad,avg,mean,mutants/udacity_change_dropout_rate_mutated0_MP_0.125_0.125_6_2,13,5,8,3,3,85,4,71,38,50,40
smoothgrad,avg,mean,mutants/udacity_change_dropout_rate_mutated0_MP_1.0_1.0_6_1,4,2,2,0,1,93,4,50,50,50,50
smoothgrad,avg,mean,mutants/udacity_change_dropout_rate_mutated0_MP_1.0_1.0_6_1,4,4,0,0,2,96,4,67,100,80,95
smoothgrad,avg,mean,mutants/udacity_change_dropout_rate_mutated0_MP_1.0_1.0_6_1,4,4,0,0,3,96,4,67,100,80,95
smoothgrad,avg,mean,mutants/udacity_change_label_mutated0_MP_12.5_4,9,9,0,3,1,97,4,82,100,90,98
smoothgrad,avg,mean,mutants/udacity_change_label_mutated0_MP_12.5_4,9,8,1,3,2,95,4,80,89,84,88
smoothgrad,avg,mean,mutants/udacity_change_label_mutated0_MP_12.5_4,9,7,2,3,3,93,4,78,78,78,78
smoothgrad,avg,mean,mutants/udacity_change_label_mutated0_MP_25.0_1,4,2,2,1,1,93,4,50,50,50,50
smoothgrad,avg,mean,mutants/udacity_change_label_mutated0_MP_25.0_1,4,3,1,1,2,95,4,60,75,67,73
smoothgrad,avg,mean,mutants/udacity_change_label_mutated0_MP_25.0_1,4,3,1,1,3,95,4,60,75,67,73
smoothgrad,avg,mean,mutants/udacity_change_loss_function_mutated0_MP_mean_absolute_error_2,10,10,0,2,1,97,4,83,100,91,98
smoothgrad,avg,mean,mutants/udacity_change_loss_function_mutated0_MP_mean_absolute_error_2,10,10,0,2,2,97,4,83,100,91,98
smoothgrad,avg,mean,mutants/udacity_change_loss_function_mutated0_MP_mean_absolute_error_2,10,9,1,2,3,95,4,82,90,86,89
smoothgrad,avg,max,mutants/udacity_add_weights_regularisation_mutated0_MP_l1_3_1,5,5,0,0,1,96,4,71,100,83,96
smoothgrad,avg,max,mutants/udacity_add_weights_regularisation_mutated0_MP_l1_3_1,5,5,0,0,2,96,4,71,100,83,96
smoothgrad,avg,max,mutants/udacity_add_weights_regularisation_mutated0_MP_l1_3_1,4,4,0,1,3,96,4,67,100,80,95
smoothgrad,avg,max,mutants/udacity_add_weights_regularisation_mutated0_MP_l1_l2_3_2,19,19,0,3,1,97,4,90,100,95,99
smoothgrad,avg,max,mutants/udacity_add_weights_regularisation_mutated0_MP_l1_l2_3_2,19,19,0,3,2,97,4,90,100,95,99
smoothgrad,avg,max,mutants/udacity_add_weights_regularisation_mutated0_MP_l1_l2_3_2,19,19,0,3,3,97,4,90,100,95,99
smoothgrad,avg,max,mutants/udacity_add_weights_regularisation_mutated0_MP_l2_3_0,16,16,0,3,1,97,4,89,100,94,99
smoothgrad,avg,max,mutants/udacity_add_weights_regularisation_mutated0_MP_l2_3_0,16,16,0,3,2,97,4,89,100,94,99
smoothgrad,avg,max,mutants/udacity_add_weights_regularisation_mutated0_MP_l2_3_0,16,16,0,3,3,97,4,89,100,94,99
smoothgrad,avg,max,mutants/udacity_change_activation_function_mutated0_MP_exponential_4_0,12,12,0,3,1,97,4,86,100,92,98
smoothgrad,avg,max,mutants/udacity_change_activation_function_mutated0_MP_exponential_4_0,12,12,0,3,2,97,4,86,100,92,98
smoothgrad,avg,max,mutants/udacity_change_activation_function_mutated0_MP_exponential_4_0,12,12,0,3,3,97,4,86,100,92,98
smoothgrad,avg,max,mutants/udacity_change_activation_function_mutated0_MP_hard_sigmoid_4_0,7,7,0,1,1,97,4,78,100,88,97
smoothgrad,avg,max,mutants/udacity_change_activation_function_mutated0_MP_hard_sigmoid_4_0,7,7,0,1,2,97,4,78,100,88,97
smoothgrad,avg,max,mutants/udacity_change_activation_function_mutated0_MP_hard_sigmoid_4_0,7,7,0,1,3,97,4,78,100,88,97
smoothgrad,avg,max,mutants/udacity_change_activation_function_mutated0_MP_relu_4_2,16,16,0,2,1,97,4,89,100,94,99
smoothgrad,avg,max,mutants/udacity_change_activation_function_mutated0_MP_relu_4_2,16,16,0,2,2,97,4,89,100,94,99
smoothgrad,avg,max,mutants/udacity_change_activation_function_mutated0_MP_relu_4_2,14,14,0,4,3,97,4,88,100,93,99
smoothgrad,avg,max,mutants/udacity_change_activation_function_mutated0_MP_selu_4_0,7,7,0,0,1,97,4,78,100,88,97
smoothgrad,avg,max,mutants/udacity_change_activation_function_mutated0_MP_selu_4_0,7,7,0,0,2,97,4,78,100,88,97
smoothgrad,avg,max,mutants/udacity_change_activation_function_mutated0_MP_selu_4_0,7,7,0,0,3,97,4,78,100,88,97
smoothgrad,avg,max,mutants/udacity_change_activation_function_mutated0_MP_sigmoid_4_3,12,12,0,3,1,97,4,86,100,92,98
smoothgrad,avg,max,mutants/udacity_change_activation_function_mutated0_MP_sigmoid_4_3,12,12,0,3,2,97,4,86,100,92,98
smoothgrad,avg,max,mutants/udacity_change_activation_function_mutated0_MP_sigmoid_4_3,11,11,0,4,3,97,4,85,100,92,98
smoothgrad,avg,max,mutants/udacity_change_activation_function_mutated0_MP_softmax_4_4,12,12,0,2,1,97,4,86,100,92,98
smoothgrad,avg,max,mutants/udacity_change_activation_function_mutated0_MP_softmax_4_4,12,12,0,2,2,97,4,86,100,92,98
smoothgrad,avg,max,mutants/udacity_change_activation_function_mutated0_MP_softmax_4_4,12,12,0,2,3,97,4,86,100,92,98
smoothgrad,avg,max,mutants/udacity_change_activation_function_mutated0_MP_softsign_4_5,12,12,0,9,1,97,4,86,100,92,98
smoothgrad,avg,max,mutants/udacity_change_activation_function_mutated0_MP_softsign_4_5,12,12,0,9,2,97,4,86,100,92,98
smoothgrad,avg,max,mutants/udacity_change_activation_function_mutated0_MP_softsign_4_5,10,10,0,11,3,97,4,83,100,91,98
smoothgrad,avg,max,mutants/udacity_change_activation_function_mutated0_MP_tanh_4_2,10,10,0,4,1,97,4,83,100,91,98
smoothgrad,avg,max,mutants/udacity_change_activation_function_mutated0_MP_tanh_4_2,10,10,0,4,2,97,4,83,100,91,98
smoothgrad,avg,max,mutants/udacity_change_activation_function_mutated0_MP_tanh_4_2,10,10,0,4,3,97,4,83,100,91,98
smoothgrad,avg,max,mutants/udacity_change_dropout_rate_mutated0_MP_0.25_0.25_6_7,10,10,0,4,1,97,4,83,100,91,98
smoothgrad,avg,max,mutants/udacity_change_dropout_rate_mutated0_MP_0.25_0.25_6_7,10,10,0,4,2,97,4,83,100,91,98
smoothgrad,avg,max,mutants/udacity_change_dropout_rate_mutated0_MP_0.25_0.25_6_7,10,10,0,4,3,97,4,83,100,91,98
smoothgrad,avg,max,mutants/udacity_change_dropout_rate_mutated0_MP_0.75_0.75_6_0,9,9,0,0,1,97,4,82,100,90,98
smoothgrad,avg,max,mutants/udacity_change_dropout_rate_mutated0_MP_0.75_0.75_6_0,9,9,0,0,2,97,4,82,100,90,98
smoothgrad,avg,max,mutants/udacity_change_dropout_rate_mutated0_MP_0.75_0.75_6_0,9,9,0,0,3,97,4,82,100,90,98
smoothgrad,avg,max,mutants/udacity_change_dropout_rate_mutated0_MP_0.125_0.125_6_2,13,13,0,3,1,97,4,87,100,93,98
smoothgrad,avg,max,mutants/udacity_change_dropout_rate_mutated0_MP_0.125_0.125_6_2,13,13,0,3,2,97,4,87,100,93,98
smoothgrad,avg,max,mutants/udacity_change_dropout_rate_mutated0_MP_0.125_0.125_6_2,13,13,0,3,3,97,4,87,100,93,98
smoothgrad,avg,max,mutants/udacity_change_dropout_rate_mutated0_MP_1.0_1.0_6_1,4,4,0,0,1,96,4,67,100,80,95
smoothgrad,avg,max,mutants/udacity_change_dropout_rate_mutated0_MP_1.0_1.0_6_1,4,4,0,0,2,96,4,67,100,80,95
smoothgrad,avg,max,mutants/udacity_change_dropout_rate_mutated0_MP_1.0_1.0_6_1,4,4,0,0,3,96,4,67,100,80,95
smoothgrad,avg,max,mutants/udacity_change_label_mutated0_MP_12.5_4,9,9,0,3,1,97,4,82,100,90,98
smoothgrad,avg,max,mutants/udacity_change_label_mutated0_MP_12.5_4,9,9,0,3,2,97,4,82,100,90,98
smoothgrad,avg,max,mutants/udacity_change_label_mutated0_MP_12.5_4,9,9,0,3,3,97,4,82,100,90,98
smoothgrad,avg,max,mutants/udacity_change_label_mutated0_MP_25.0_1,4,4,0,1,1,96,4,67,100,80,95
smoothgrad,avg,max,mutants/udacity_change_label_mutated0_MP_25.0_1,4,4,0,1,2,96,4,67,100,80,95
smoothgrad,avg,max,mutants/udacity_change_label_mutated0_MP_25.0_1,4,4,0,1,3,96,4,67,100,80,95
smoothgrad,avg,max,mutants/udacity_change_loss_function_mutated0_MP_mean_absolute_error_2,10,10,0,2,1,97,4,83,100,91,98
smoothgrad,avg,max,mutants/udacity_change_loss_function_mutated0_MP_mean_absolute_error_2,10,10,0,2,2,97,4,83,100,91,98
smoothgrad,avg,max,mutants/udacity_change_loss_function_mutated0_MP_mean_absolute_error_2,10,10,0,2,3,97,4,83,100,91,98
smoothgrad,avg-grad,mean,mutants/udacity_add_weights_regularisation_mutated0_MP_l1_3_1,5,5,0,0,1,95,6,62,100,77,94
smoothgrad,avg-grad,mean,mutants/udacity_add_weights_regularisation_mutated0_MP_l1_3_1,5,3,2,0,2,91,6,50,60,55,59
smoothgrad,avg-grad,mean,mutants/udacity_add_weights_regularisation_mutated0_MP_l1_3_1,4,4,0,1,3,95,6,57,100,73,93
smoothgrad,avg-grad,mean,mutants/udacity_add_weights_regularisation_mutated0_MP_l1_l2_3_2,19,19,0,3,1,96,6,86,100,93,98
smoothgrad,avg-grad,mean,mutants/udacity_add_weights_regularisation_mutated0_MP_l1_l2_3_2,19,19,0,3,2,96,6,86,100,93,98
smoothgrad,avg-grad,mean,mutants/udacity_add_weights_regularisation_mutated0_MP_l1_l2_3_2,19,13,6,3,3,87,6,81,68,74,70
smoothgrad,avg-grad,mean,mutants/udacity_add_weights_regularisation_mutated0_MP_l2_3_0,16,16,0,3,1,96,6,84,100,91,98
smoothgrad,avg-grad,mean,mutants/udacity_add_weights_regularisation_mutated0_MP_l2_3_0,16,14,2,3,2,93,6,82,88,85,87
smoothgrad,avg-grad,mean,mutants/udacity_add_weights_regularisation_mutated0_MP_l2_3_0,16,16,0,3,3,96,6,84,100,91,98
smoothgrad,avg-grad,mean,mutants/udacity_change_activation_function_mutated0_MP_exponential_4_0,12,12,0,3,1,95,6,80,100,89,98
smoothgrad,avg-grad,mean,mutants/udacity_change_activation_function_mutated0_MP_exponential_4_0,12,12,0,3,2,95,6,80,100,89,98
smoothgrad,avg-grad,mean,mutants/udacity_change_activation_function_mutated0_MP_exponential_4_0,12,8,4,3,3,89,6,73,67,70,67
smoothgrad,avg-grad,mean,mutants/udacity_change_activation_function_mutated0_MP_hard_sigmoid_4_0,7,6,1,1,1,93,6,67,86,75,83
smoothgrad,avg-grad,mean,mutants/udacity_change_activation_function_mutated0_MP_hard_sigmoid_4_0,7,3,4,1,2,88,6,50,43,46,43
smoothgrad,avg-grad,mean,mutants/udacity_change_activation_function_mutated0_MP_hard_sigmoid_4_0,7,5,2,1,3,92,6,62,71,67,70
smoothgrad,avg-grad,mean,mutants/udacity_change_activation_function_mutated0_MP_relu_4_2,16,16,0,2,1,96,6,84,100,91,98
smoothgrad,avg-grad,mean,mutants/udacity_change_activation_function_mutated0_MP_relu_4_2,16,9,7,2,2,85,6,75,56,64,58
smoothgrad,avg-grad,mean,mutants/udacity_change_activation_function_mutated0_MP_relu_4_2,14,7,7,4,3,85,6,70,50,58,51
smoothgrad,avg-grad,mean,mutants/udacity_change_activation_function_mutated0_MP_selu_4_0,7,7,0,0,1,95,6,70,100,82,96
smoothgrad,avg-grad,mean,mutants/udacity_change_activation_function_mutated0_MP_selu_4_0,7,5,2,0,2,92,6,62,71,67,70
smoothgrad,avg-grad,mean,mutants/udacity_change_activation_function_mutated0_MP_selu_4_0,7,5,2,0,3,92,6,62,71,67,70
smoothgrad,avg-grad,mean,mutants/udacity_change_activation_function_mutated0_MP_sigmoid_4_3,12,12,0,3,1,95,6,80,100,89,98
smoothgrad,avg-grad,mean,mutants/udacity_change_activation_function_mutated0_MP_sigmoid_4_3,12,12,0,3,2,95,6,80,100,89,98
smoothgrad,avg-grad,mean,mutants/udacity_change_activation_function_mutated0_MP_sigmoid_4_3,11,6,5,4,3,87,6,67,55,60,56
smoothgrad,avg-grad,mean,mutants/udacity_change_activation_function_mutated0_MP_softmax_4_4,12,12,0,2,1,95,6,80,100,89,98
smoothgrad,avg-grad,mean,mutants/udacity_change_activation_function_mutated0_MP_softmax_4_4,12,7,5,2,2,88,6,70,58,64,59
smoothgrad,avg-grad,mean,mutants/udacity_change_activation_function_mutated0_MP_softmax_4_4,12,7,5,2,3,88,6,70,58,64,59
smoothgrad,avg-grad,mean,mutants/udacity_change_activation_function_mutated0_MP_softsign_4_5,12,12,0,9,1,95,6,80,100,89,98
smoothgrad,avg-grad,mean,mutants/udacity_change_activation_function_mutated0_MP_softsign_4_5,12,12,0,9,2,95,6,80,100,89,98
smoothgrad,avg-grad,mean,mutants/udacity_change_activation_function_mutated0_MP_softsign_4_5,10,8,2,11,3,92,6,73,80,76,79
smoothgrad,avg-grad,mean,mutants/udacity_change_activation_function_mutated0_MP_tanh_4_2,10,10,0,4,1,95,6,77,100,87,97
smoothgrad,avg-grad,mean,mutants/udacity_change_activation_function_mutated0_MP_tanh_4_2,10,5,5,4,2,87,6,62,50,56,51
smoothgrad,avg-grad,mean,mutants/udacity_change_activation_function_mutated0_MP_tanh_4_2,10,1,9,4,3,81,6,25,10,14,11
smoothgrad,avg-grad,mean,mutants/udacity_change_dropout_rate_mutated0_MP_0.25_0.25_6_7,10,10,0,4,1,95,6,77,100,87,97
smoothgrad,avg-grad,mean,mutants/udacity_change_dropout_rate_mutated0_MP_0.25_0.25_6_7,10,10,0,4,2,95,6,77,100,87,97
smoothgrad,avg-grad,mean,mutants/udacity_change_dropout_rate_mutated0_MP_0.25_0.25_6_7,10,3,7,4,3,84,6,50,30,37,31
smoothgrad,avg-grad,mean,mutants/udacity_change_dropout_rate_mutated0_MP_0.75_0.75_6_0,9,8,1,0,1,93,6,73,89,80,87
smoothgrad,avg-grad,mean,mutants/udacity_change_dropout_rate_mutated0_MP_0.75_0.75_6_0,9,7,2,0,2,92,6,70,78,74,77
smoothgrad,avg-grad,mean,mutants/udacity_change_dropout_rate_mutated0_MP_0.75_0.75_6_0,9,7,2,0,3,92,6,70,78,74,77
smoothgrad,avg-grad,mean,mutants/udacity_change_dropout_rate_mutated0_MP_0.125_0.125_6_2,13,13,0,3,1,95,6,81,100,90,98
smoothgrad,avg-grad,mean,mutants/udacity_change_dropout_rate_mutated0_MP_0.125_0.125_6_2,13,7,6,3,2,86,6,70,54,61,55
smoothgrad,avg-grad,mean,mutants/udacity_change_dropout_rate_mutated0_MP_0.125_0.125_6_2,13,6,7,3,3,85,6,67,46,55,48
smoothgrad,avg-grad,mean,mutants/udacity_change_dropout_rate_mutated0_MP_1.0_1.0_6_1,4,4,0,0,1,95,6,57,100,73,93
smoothgrad,avg-grad,mean,mutants/udacity_change_dropout_rate_mutated0_MP_1.0_1.0_6_1,4,4,0,0,2,95,6,57,100,73,93
smoothgrad,avg-grad,mean,mutants/udacity_change_dropout_rate_mutated0_MP_1.0_1.0_6_1,4,4,0,0,3,95,6,57,100,73,93
smoothgrad,avg-grad,mean,mutants/udacity_change_label_mutated0_MP_12.5_4,9,9,0,3,1,95,6,75,100,86,97
smoothgrad,avg-grad,mean,mutants/udacity_change_label_mutated0_MP_12.5_4,9,9,0,3,2,95,6,75,100,86,97
smoothgrad,avg-grad,mean,mutants/udacity_change_label_mutated0_MP_12.5_4,9,7,2,3,3,92,6,70,78,74,77
smoothgrad,avg-grad,mean,mutants/udacity_change_label_mutated0_MP_25.0_1,4,4,0,1,1,95,6,57,100,73,93
smoothgrad,avg-grad,mean,mutants/udacity_change_label_mutated0_MP_25.0_1,4,3,1,1,2,93,6,50,75,60,71
smoothgrad,avg-grad,mean,mutants/udacity_change_label_mutated0_MP_25.0_1,4,2,2,1,3,91,6,40,50,44,49
smoothgrad,avg-grad,mean,mutants/udacity_change_loss_function_mutated0_MP_mean_absolute_error_2,10,10,0,2,1,95,6,77,100,87,97
smoothgrad,avg-grad,mean,mutants/udacity_change_loss_function_mutated0_MP_mean_absolute_error_2,10,10,0,2,2,95,6,77,100,87,97
smoothgrad,avg-grad,mean,mutants/udacity_change_loss_function_mutated0_MP_mean_absolute_error_2,10,10,0,2,3,95,6,77,100,87,97
smoothgrad,avg-grad,max,mutants/udacity_add_weights_regularisation_mutated0_MP_l1_3_1,5,5,0,0,1,93,8,56,100,71,93
smoothgrad,avg-grad,max,mutants/udacity_add_weights_regularisation_mutated0_MP_l1_3_1,5,5,0,0,2,93,8,56,100,71,93
smoothgrad,avg-grad,max,mutants/udacity_add_weights_regularisation_mutated0_MP_l1_3_1,4,4,0,1,3,93,8,50,100,67,91
smoothgrad,avg-grad,max,mutants/udacity_add_weights_regularisation_mutated0_MP_l1_l2_3_2,19,19,0,3,1,94,8,83,100,90,98
smoothgrad,avg-grad,max,mutants/udacity_add_weights_regularisation_mutated0_MP_l1_l2_3_2,19,19,0,3,2,94,8,83,100,90,98
smoothgrad,avg-grad,max,mutants/udacity_add_weights_regularisation_mutated0_MP_l1_l2_3_2,19,19,0,3,3,94,8,83,100,90,98
smoothgrad,avg-grad,max,mutants/udacity_add_weights_regularisation_mutated0_MP_l2_3_0,16,16,0,3,1,94,8,80,100,89,98
smoothgrad,avg-grad,max,mutants/udacity_add_weights_regularisation_mutated0_MP_l2_3_0,16,16,0,3,2,94,8,80,100,89,98
smoothgrad,avg-grad,max,mutants/udacity_add_weights_regularisation_mutated0_MP_l2_3_0,16,16,0,3,3,94,8,80,100,89,98
smoothgrad,avg-grad,max,mutants/udacity_change_activation_function_mutated0_MP_exponential_4_0,12,12,0,3,1,94,8,75,100,86,97
smoothgrad,avg-grad,max,mutants/udacity_change_activation_function_mutated0_MP_exponential_4_0,12,12,0,3,2,94,8,75,100,86,97
smoothgrad,avg-grad,max,mutants/udacity_change_activation_function_mutated0_MP_exponential_4_0,12,12,0,3,3,94,8,75,100,86,97
smoothgrad,avg-grad,max,mutants/udacity_change_activation_function_mutated0_MP_hard_sigmoid_4_0,7,7,0,1,1,93,8,64,100,78,95
smoothgrad,avg-grad,max,mutants/udacity_change_activation_function_mutated0_MP_hard_sigmoid_4_0,7,7,0,1,2,93,8,64,100,78,95
smoothgrad,avg-grad,max,mutants/udacity_change_activation_function_mutated0_MP_hard_sigmoid_4_0,7,7,0,1,3,93,8,64,100,78,95
smoothgrad,avg-grad,max,mutants/udacity_change_activation_function_mutated0_MP_relu_4_2,16,16,0,2,1,94,8,80,100,89,98
smoothgrad,avg-grad,max,mutants/udacity_change_activation_function_mutated0_MP_relu_4_2,16,16,0,2,2,94,8,80,100,89,98
smoothgrad,avg-grad,max,mutants/udacity_change_activation_function_mutated0_MP_relu_4_2,14,14,0,4,3,94,8,78,100,88,97
smoothgrad,avg-grad,max,mutants/udacity_change_activation_function_mutated0_MP_selu_4_0,7,7,0,0,1,93,8,64,100,78,95
smoothgrad,avg-grad,max,mutants/udacity_change_activation_function_mutated0_MP_selu_4_0,7,7,0,0,2,93,8,64,100,78,95
smoothgrad,avg-grad,max,mutants/udacity_change_activation_function_mutated0_MP_selu_4_0,7,7,0,0,3,93,8,64,100,78,95
smoothgrad,avg-grad,max,mutants/udacity_change_activation_function_mutated0_MP_sigmoid_4_3,12,12,0,3,1,94,8,75,100,86,97
smoothgrad,avg-grad,max,mutants/udacity_change_activation_function_mutated0_MP_sigmoid_4_3,12,12,0,3,2,94,8,75,100,86,97
smoothgrad,avg-grad,max,mutants/udacity_change_activation_function_mutated0_MP_sigmoid_4_3,11,11,0,4,3,94,8,73,100,85,96
smoothgrad,avg-grad,max,mutants/udacity_change_activation_function_mutated0_MP_softmax_4_4,12,12,0,2,1,94,8,75,100,86,97
smoothgrad,avg-grad,max,mutants/udacity_change_activation_function_mutated0_MP_softmax_4_4,12,12,0,2,2,94,8,75,100,86,97
smoothgrad,avg-grad,max,mutants/udacity_change_activation_function_mutated0_MP_softmax_4_4,12,12,0,2,3,94,8,75,100,86,97
smoothgrad,avg-grad,max,mutants/udacity_change_activation_function_mutated0_MP_softsign_4_5,12,12,0,9,1,94,8,75,100,86,97
smoothgrad,avg-grad,max,mutants/udacity_change_activation_function_mutated0_MP_softsign_4_5,12,12,0,9,2,94,8,75,100,86,97
smoothgrad,avg-grad,max,mutants/udacity_change_activation_function_mutated0_MP_softsign_4_5,10,10,0,11,3,94,8,71,100,83,96
smoothgrad,avg-grad,max,mutants/udacity_change_activation_function_mutated0_MP_tanh_4_2,10,10,0,4,1,94,8,71,100,83,96
smoothgrad,avg-grad,max,mutants/udacity_change_activation_function_mutated0_MP_tanh_4_2,10,10,0,4,2,94,8,71,100,83,96
smoothgrad,avg-grad,max,mutants/udacity_change_activation_function_mutated0_MP_tanh_4_2,10,10,0,4,3,94,8,71,100,83,96
smoothgrad,avg-grad,max,mutants/udacity_change_dropout_rate_mutated0_MP_0.25_0.25_6_7,10,10,0,4,1,94,8,71,100,83,96
smoothgrad,avg-grad,max,mutants/udacity_change_dropout_rate_mutated0_MP_0.25_0.25_6_7,10,10,0,4,2,94,8,71,100,83,96
smoothgrad,avg-grad,max,mutants/udacity_change_dropout_rate_mutated0_MP_0.25_0.25_6_7,10,10,0,4,3,94,8,71,100,83,96
smoothgrad,avg-grad,max,mutants/udacity_change_dropout_rate_mutated0_MP_0.75_0.75_6_0,9,9,0,0,1,93,8,69,100,82,96
smoothgrad,avg-grad,max,mutants/udacity_change_dropout_rate_mutated0_MP_0.75_0.75_6_0,9,8,1,0,2,92,8,67,89,76,86
smoothgrad,avg-grad,max,mutants/udacity_change_dropout_rate_mutated0_MP_0.75_0.75_6_0,9,9,0,0,3,93,8,69,100,82,96
smoothgrad,avg-grad,max,mutants/udacity_change_dropout_rate_mutated0_MP_0.125_0.125_6_2,13,13,0,3,1,94,8,76,100,87,97
smoothgrad,avg-grad,max,mutants/udacity_change_dropout_rate_mutated0_MP_0.125_0.125_6_2,13,13,0,3,2,94,8,76,100,87,97
smoothgrad,avg-grad,max,mutants/udacity_change_dropout_rate_mutated0_MP_0.125_0.125_6_2,13,13,0,3,3,94,8,76,100,87,97
smoothgrad,avg-grad,max,mutants/udacity_change_dropout_rate_mutated0_MP_1.0_1.0_6_1,4,4,0,0,1,93,8,50,100,67,91
smoothgrad,avg-grad,max,mutants/udacity_change_dropout_rate_mutated0_MP_1.0_1.0_6_1,4,4,0,0,2,93,8,50,100,67,91
smoothgrad,avg-grad,max,mutants/udacity_change_dropout_rate_mutated0_MP_1.0_1.0_6_1,4,4,0,0,3,93,8,50,100,67,91
smoothgrad,avg-grad,max,mutants/udacity_change_label_mutated0_MP_12.5_4,9,9,0,3,1,93,8,69,100,82,96
smoothgrad,avg-grad,max,mutants/udacity_change_label_mutated0_MP_12.5_4,9,9,0,3,2,93,8,69,100,82,96
smoothgrad,avg-grad,max,mutants/udacity_change_label_mutated0_MP_12.5_4,9,9,0,3,3,93,8,69,100,82,96
smoothgrad,avg-grad,max,mutants/udacity_change_label_mutated0_MP_25.0_1,4,4,0,1,1,93,8,50,100,67,91
smoothgrad,avg-grad,max,mutants/udacity_change_label_mutated0_MP_25.0_1,4,4,0,1,2,93,8,50,100,67,91
smoothgrad,avg-grad,max,mutants/udacity_change_label_mutated0_MP_25.0_1,4,4,0,1,3,93,8,50,100,67,91
smoothgrad,avg-grad,max,mutants/udacity_change_loss_function_mutated0_MP_mean_absolute_error_2,10,10,0,2,1,94,8,71,100,83,96
smoothgrad,avg-grad,max,mutants/udacity_change_loss_function_mutated0_MP_mean_absolute_error_2,10,10,0,2,2,94,8,71,100,83,96
smoothgrad,avg-grad,max,mutants/udacity_change_loss_function_mutated0_MP_mean_absolute_error_2,10,10,0,2,3,94,8,71,100,83,96
